date,price,quantity,product_id
2023-01-13,74.31,14,105
2023-11-21,93.64,17,103
2023-04-09,161.12,19,103
2023-01-29,143.72,4,101
2023-03-06,194.47,17,104
2023-04-19,111.67,7,104
2023-10-19,90.29,20,102
2023-03-06,120.77,18,101
2023-07-26,92.39,7,101
2023-02-04,168.34,19,105
2023-09-08,153.02,5,102
2023-10-30,178.25,10,103
2023-03-05,117.69,9,102
2023-10-24,185.42,13,103
2023-10-10,42.72,15,101
2023-02-28,83.68,8,101
2023-08-28,139.58,4,101
2023-02-01,134.18,15,103
2023-05-10,176.19,2,104
2023-11-26,88.6,14,103
2023-02-04,116.35,18,101
2023-10-10,44.98,7,105
2023-07-03,153.24,16,104
2023-12-12,108.61,19,102
2023-05-04,163.45,11,103
2023-05-23,32.67,4,103
2023-02-03,169.4,4,101
2023-07-26,152.28,10,102
2023-10-08,167.86,12,102
2023-02-07,114.67,15,105
2023-02-07,76.84,7,105
2023-01-16,46.29,16,105
2023-08-31,152.14,20,103
2023-09-18,153.42,19,104
2023-11-30,66.77,5,103
2023-02-11,171.86,15,102
2023-05-09,37.36,10,101
2023-03-08,130.92,6,101
2023-05-17,58.23,10,101
2023-08-19,180.28,15,103
2023-05-23,130.28,10,105
2023-05-09,38.1,11,105
2023-08-07,132.05,20,101
2023-12-23,109.22,12,102
2023-11-21,76.28,4,102
2023-07-15,146.61,13,102
2023-03-20,166.42,18,104
2023-04-03,72.72,14,101
2023-08-08,102.73,12,105
2023-10-31,142.5,19,105
2023-10-18,84.28,2,101
2023-06-30,57.92,14,103
2023-05-30,188.74,17,105
2023-12-21,104.03,17,101
2023-06-19,88.79,14,103
2023-03-21,122.03,6,102
2023-05-07,71.8,11,105
2023-07-20,109.02,10,103
2023-08-27,183.6,5,104
2023-10-06,182.26,16,102
2023-09-04,130.91,7,103
2023-11-28,189.92,1,103
2023-01-24,181.7,1,105
2023-11-29,125.62,18,103
2023-01-02,63.2,17,103
2023-08-01,64.67,9,105
2023-11-24,142.86,14,105
2023-04-28,72.84,3,103
2023-09-26,25.01,11,101
2023-06-27,159.13,14,104
2023-05-09,147.82,2,102
2023-10-14,36.73,15,102
2023-09-01,54.31,3,101
2023-03-25,21.52,2,101
2023-02-14,45.7,17,105
2023-07-06,131.22,18,105
2023-12-17,167.17,4,104
2023-12-16,111.96,8,102
2023-05-03,107.09,17,104
2023-03-21,75.41,1,103
2023-04-06,128.83,20,105
2023-03-04,39.5,20,103
2023-09-04,158.96,12,103
2023-10-01,86.81,16,102
2023-10-03,83.13,8,105
2023-06-21,31.29,11,104
2023-05-11,38.27,8,104
2023-02-26,27.63,1,102
2023-05-23,31.42,16,105
2023-08-20,182.13,20,104
2023-07-01,155.23,10,104
2023-11-29,135.6,3,102
2023-12-11,172.79,1,103
2023-09-04,103.58,10,104
2023-04-05,174.36,19,104
2023-04-03,137.59,6,105
2023-03-21,112.51,4,103
2023-09-27,99.52,14,102
2023-08-15,193.48,10,102
2023-07-11,155.52,15,105
2023-12-05,38.14,9,105
2023-08-12,29.28,4,101
2023-05-13,122.64,19,105
2023-12-02,61.13,3,104
2023-10-21,27.11,1,101
2023-09-08,189.33,12,103
2023-02-05,20.09,1,103
2023-12-06,41.65,12,101
2023-09-20,29.26,1,104
2023-04-28,165.38,14,101
2023-08-12,153.28,8,105
2023-11-07,198.05,9,104
2023-04-26,59.48,15,105
2023-06-27,105.36,10,102
2023-11-11,60.84,9,105
2023-11-08,135.61,6,103
2023-08-20,166.38,11,102
2023-10-09,121.3,13,101
2023-06-11,49.7,8,102
2023-12-30,192.55,5,105
2023-10-06,69.75,19,104
2023-06-25,127.43,1,103
2023-10-28,177.54,19,103
2023-12-22,26.36,8,101
2023-05-07,159.25,7,102
2023-04-19,194.17,11,103
2023-01-05,94.75,14,102
2023-09-14,173.46,13,101
2023-03-06,120.77,19,101
2023-10-03,92.2,1,103
2023-05-01,166.83,3,101
2023-07-13,113.85,6,105
2023-05-19,144.22,18,101
2023-05-04,199.12,13,102
2023-07-15,126.95,7,102
2023-11-12,164.96,19,105
2023-10-09,25.63,5,101
2023-02-24,165.76,13,102
2023-10-24,57.32,14,105
2023-10-18,74.05,2,105
2023-03-06,69.01,20,101
2023-06-27,60.86,14,103
2023-09-02,106.13,3,104
2023-12-16,172.61,10,101
2023-04-09,105.42,4,102
2023-09-17,198.71,6,105
2023-03-12,190.65,5,103
2023-06-20,166.69,15,102
2023-05-05,104.53,3,104
2023-02-17,46.71,15,105
2023-01-13,95.86,4,101
2023-03-09,92.08,15,104
2023-06-07,134.17,8,102
2023-02-22,94.91,20,105
2023-11-20,103.79,1,105
2023-12-22,25.68,2,104
2023-10-03,134.96,14,104
2023-06-20,178.18,13,101
2023-05-27,83.02,9,103
2023-04-22,104.44,8,101
2023-11-26,138.26,18,105
2023-07-20,27.8,9,101
2023-09-05,143.18,7,105
2023-04-11,71.85,2,105
2023-07-13,138.54,3,104
2023-01-07,124.83,15,101
2023-02-28,65.84,6,105
2023-05-26,91.5,12,105
2023-02-17,148.9,4,104
2023-09-13,182.73,5,102
2023-07-20,61.4,6,102
2023-11-19,25.54,16,102
2023-05-20,79.33,20,103
2023-08-25,31.47,20,104
2023-03-30,60.6,2,101
2023-10-24,64.96,2,102
2023-05-16,155.94,10,104
2023-08-27,179.6,4,105
2023-04-13,125.9,6,102
2023-08-06,57.13,8,101
2023-12-15,188.82,10,102
2023-11-11,122.95,18,105
2023-08-21,41.21,7,105
2023-11-20,123.2,19,105
2023-04-10,126.78,15,103
2023-01-25,117.06,10,104
2023-04-06,24.49,14,104
2023-12-04,158.89,4,101
2023-05-30,47.25,1,102
2023-02-13,150.36,15,104
2023-06-05,111.01,13,104
2023-07-28,143.35,10,102
2023-06-17,23.74,16,103
2023-10-23,104.55,10,105
2023-07-01,72.94,3,101
2023-12-13,45.08,18,101
2023-06-05,118.65,19,102
2023-01-15,84.68,2,105
2023-03-16,49.16,16,103
2023-05-26,198.42,16,101
2023-02-13,44.67,2,104
2023-07-05,123.25,2,104
2023-03-25,36.2,12,104
2023-04-30,194.46,8,105
2023-02-20,109.12,3,102
2023-02-23,186.94,1,104
2023-02-25,22.44,5,105
2023-09-24,36.6,15,105
2023-01-08,158.79,15,101
2023-01-10,97.77,6,103
2023-02-04,92.92,9,103
2023-06-01,170.99,14,102
2023-06-01,178.82,3,104
2023-04-17,75.34,13,104
2023-04-23,166.84,6,103
2023-12-13,174.45,17,103
2023-10-15,156.11,11,104
2023-03-05,69.73,8,101
2023-09-14,104.0,3,103
2023-06-01,79.13,18,102
2023-03-21,35.42,18,102
2023-09-06,132.43,16,103
2023-04-19,95.74,2,101
2023-11-09,179.51,6,101
2023-04-14,185.25,4,103
2023-07-12,79.59,19,102
2023-01-31,143.79,14,105
2023-08-25,109.81,18,103
2023-06-07,22.46,14,105
2023-12-24,198.78,3,103
2023-09-07,159.51,15,105
2023-10-19,45.06,14,105
2023-03-05,145.54,1,101
2023-12-05,72.02,11,102
2023-02-10,56.23,2,104
2023-08-09,79.09,7,105
2023-11-07,27.0,2,101
2023-01-07,127.7,9,101
2023-04-30,162.36,14,102
2023-03-12,73.21,4,102
2023-06-23,166.7,19,103
2023-06-14,39.38,11,104
2023-08-11,99.83,5,105
2023-02-19,167.94,4,101
2023-02-20,48.03,8,101
2023-02-17,20.15,6,103
2023-12-28,56.02,2,104
2023-03-09,170.99,10,101
2023-10-29,86.15,9,102
2023-03-09,40.99,15,105
2023-11-24,31.95,15,104
2023-12-03,185.19,14,104
2023-09-02,152.57,8,104
2023-01-17,89.64,2,102
2023-01-17,128.79,15,102
2023-11-30,97.49,17,101
2023-04-08,60.25,10,104
2023-03-17,89.72,2,104
2023-06-17,142.4,7,103
2023-04-01,26.53,18,105
2023-09-11,181.64,11,102
2023-11-11,42.99,14,104
2023-06-27,177.14,16,102
2023-04-15,38.68,15,102
2023-03-30,113.2,7,105
2023-09-01,157.41,13,104
2023-05-18,114.53,5,103
2023-01-17,30.62,7,101
2023-11-12,97.02,5,101
2023-01-24,112.35,12,104
2023-12-28,128.01,8,104
2023-04-30,94.3,3,104
2023-08-10,136.98,4,101
2023-09-28,34.03,2,105
2023-04-29,154.4,18,103
2023-12-13,93.59,18,103
2023-05-29,114.4,8,103
2023-02-13,74.32,4,101
2023-04-06,61.46,18,105
2023-04-24,153.94,1,104
2023-07-27,166.75,10,103
2023-10-31,185.89,3,102
2023-08-10,143.57,6,104
2023-02-12,136.75,20,105
2023-07-24,154.4,15,101
2023-08-20,65.08,19,103
2023-10-17,40.99,2,105
2023-07-27,197.61,18,105
2023-12-04,71.75,6,105
2023-05-09,119.4,3,105
2023-03-19,181.7,4,102
2023-12-28,29.46,16,104
2023-03-18,51.67,16,101
2023-11-23,114.27,1,102
2023-06-15,21.37,9,104
2023-04-10,25.81,2,103
2023-02-23,192.95,6,102
2023-03-13,197.76,15,102
2023-11-30,116.4,2,103
2023-06-13,132.71,20,104
2023-05-11,71.18,9,104
2023-12-25,132.34,18,104
2023-08-27,57.96,9,105
2023-05-04,196.99,10,105
2023-05-24,61.96,12,105
2023-04-19,24.95,20,104
2023-10-25,43.46,5,101
2023-04-26,193.6,5,105
2023-10-21,126.07,9,104
2023-07-22,88.3,10,102
2023-07-30,59.0,1,103
2023-02-03,174.77,3,101
2023-07-03,190.57,15,102
2023-02-01,36.55,17,104
2023-07-04,150.68,9,102
2023-11-22,127.39,12,103
2023-10-19,57.75,15,102
2023-03-16,81.33,6,105
2023-05-23,135.02,13,103
2023-09-13,176.13,3,101
2023-10-04,73.47,18,105
2023-01-17,43.95,18,103
2023-12-27,198.13,17,101
2023-01-01,22.22,4,103
2023-05-14,121.71,7,105
2023-01-25,122.35,7,103
2023-02-28,25.38,16,101
2023-12-10,158.18,14,105
2023-12-03,98.97,15,104
2023-06-25,65.04,13,104
2023-01-17,108.72,11,102
2023-09-09,55.95,12,102
2023-11-24,73.37,8,104
2023-11-07,178.54,5,102
2023-03-20,76.44,1,105
2023-03-26,106.11,15,102
2023-01-29,108.04,4,102
2023-03-07,88.02,13,104
2023-09-09,76.05,10,104
2023-01-21,162.79,2,102
2023-11-29,156.36,5,105
2023-07-24,27.0,19,105
2023-05-11,112.19,17,101
2023-09-19,64.91,6,102
2023-08-12,133.38,12,102
2023-09-17,143.93,19,103
2023-09-09,154.42,10,104
2023-07-29,21.58,14,101
2023-12-31,113.51,16,103
2023-08-01,160.1,15,102
2023-11-22,83.88,14,105
2023-05-04,25.15,2,101
2023-11-28,93.4,11,104
2023-01-12,159.67,10,102
2023-07-31,112.05,5,102
2023-08-20,122.42,19,102
2023-07-13,119.42,7,104
2023-11-18,196.77,14,105
2023-05-26,187.15,16,105
2023-10-24,134.27,16,104
2023-10-20,148.97,2,104
2023-05-09,102.59,5,105
2023-12-02,48.78,10,105
2023-10-30,74.51,2,101
2023-09-22,182.66,8,102
2023-12-17,35.76,17,105
2023-11-15,139.26,13,104
2023-06-27,67.91,9,103
2023-07-29,79.63,13,102
2023-10-31,130.42,15,101
2023-11-12,67.03,8,102
2023-03-17,28.84,2,104
2023-08-05,127.62,16,101
2023-06-25,158.66,18,102
2023-04-26,95.34,11,103
2023-04-20,64.62,3,105
2023-08-02,163.47,9,104
2023-10-12,132.7,3,105
2023-07-09,113.29,12,102
2023-02-04,192.87,9,103
2023-08-14,152.47,8,104
2023-07-22,153.72,7,105
2023-11-09,39.77,11,102
2023-05-03,119.78,7,104
2023-03-31,116.9,8,103
2023-03-24,46.96,19,102
2023-09-17,88.41,9,105
2023-05-30,181.16,5,101
2023-07-23,143.55,17,104
2023-12-25,87.51,13,104
2023-10-23,141.24,2,101
2023-07-02,194.23,11,104
2023-06-19,54.29,14,105
2023-10-19,169.32,10,103
2023-02-20,176.61,3,104
2023-11-07,151.43,1,103
2023-07-18,179.63,5,101
2023-02-16,133.88,9,104
2023-09-04,117.78,3,103
2023-10-15,179.78,8,105
2023-04-23,89.52,17,105
2023-05-05,88.05,6,102
2023-08-19,91.6,19,104
2023-01-11,56.97,12,102
2023-03-19,99.42,8,104
2023-01-10,179.02,14,101
2023-06-14,138.82,3,103
2023-03-23,170.19,14,105
2023-12-16,113.07,11,104
2023-04-12,127.5,1,102
2023-04-05,184.97,10,101
2023-11-04,96.93,4,104
2023-01-14,46.92,7,105
2023-12-02,142.87,10,104
2023-06-05,63.48,7,103
2023-03-10,45.66,7,105
2023-03-27,107.32,17,105
2023-08-02,167.36,19,103
2023-01-20,98.7,16,105
2023-08-09,197.23,6,103
2023-11-08,128.34,12,104
2023-05-30,40.01,9,105
2023-01-30,92.4,10,102
2023-05-19,112.21,16,103
2023-10-02,123.63,17,104
2023-01-19,119.05,12,105
2023-09-27,88.08,15,101
2023-04-03,93.84,19,103
2023-12-08,54.55,11,102
2023-11-28,152.17,5,104
2023-12-01,39.18,19,104
2023-11-29,73.31,7,101
2023-04-08,55.29,1,105
2023-04-04,92.01,11,103
2023-09-21,152.07,14,105
2023-05-26,114.1,7,103
2023-02-23,66.2,15,102
2023-10-01,44.07,9,105
2023-06-10,66.2,11,101
2023-10-06,190.39,3,104
2023-04-18,97.03,1,104
2023-03-27,63.18,10,101
2023-10-07,61.03,15,102
2023-10-29,70.1,5,103
2023-04-14,102.98,19,102
2023-02-23,145.21,5,101
2023-02-23,133.89,15,103
2023-04-25,185.93,18,104
2023-04-07,137.29,10,104
2023-11-08,127.67,9,102
2023-02-25,29.88,17,103
2023-04-03,172.75,3,101
2023-02-17,81.78,10,105
2023-10-31,52.89,1,104
2023-06-24,139.55,20,103
2023-09-25,64.48,19,101
2023-10-16,104.8,20,101
2023-09-24,120.02,18,101
2023-07-27,62.95,17,102
2023-06-01,111.96,18,104
2023-01-02,92.2,6,105
2023-09-18,68.22,5,104
2023-01-24,58.31,12,102
2023-08-05,52.62,1,101
2023-07-23,149.17,2,103
2023-06-12,116.63,12,105
2023-04-27,47.53,15,104
2023-10-09,157.16,9,105
2023-04-21,177.97,16,101
2023-09-09,60.26,6,105
2023-01-24,90.1,14,102
2023-07-24,191.19,10,105
2023-07-08,150.38,13,103
2023-06-22,145.52,5,105
2023-09-08,74.05,5,105
2023-12-31,144.1,5,102
2023-02-15,107.08,6,104
2023-08-19,60.06,3,104
2023-07-04,40.21,3,105
2024-01-01,112.45,5,104
2023-12-31,69.66,20,104
2023-04-18,48.08,8,104
2023-05-14,180.75,4,102
2023-03-22,32.79,14,101
2023-04-06,53.92,19,105
2023-09-13,144.38,12,102
2023-07-15,188.04,18,103
2023-02-24,29.87,11,105
2023-11-30,85.15,15,101
2023-01-02,42.43,17,104
2023-05-20,131.54,9,105
2023-06-25,108.38,17,102
2023-01-18,93.45,9,102
2023-06-22,130.31,6,105
2023-05-18,72.21,12,101
2023-01-13,95.9,11,105
2023-11-26,157.56,3,105
2023-08-27,148.91,5,105
2023-06-22,52.95,15,103
2023-03-26,63.24,6,103
2023-10-07,198.42,6,105
2023-08-17,169.29,9,104
2023-01-24,137.29,19,102
2023-09-19,120.5,18,103
2023-10-22,84.73,7,105
2023-04-29,35.06,17,102
2023-04-20,151.26,13,102
2023-05-12,93.69,18,103
2023-07-01,64.77,17,103
2023-10-03,161.9,17,103
2023-08-20,38.64,15,105
2023-10-01,42.77,18,105
2023-09-10,65.81,6,102
2023-11-22,194.37,10,101
2023-03-16,143.43,19,101
2023-03-22,33.62,10,102
2023-04-14,126.37,7,104
2023-07-10,151.97,15,104
2023-12-22,122.71,11,101
2023-07-29,181.91,8,103
2023-10-13,108.83,18,105
2023-01-23,33.0,5,102
2023-08-02,61.37,18,105
2023-11-18,50.07,15,105
2023-04-06,130.02,20,101
2023-07-05,50.23,7,103
2023-11-06,62.45,17,104
2023-09-05,173.67,1,101
2023-12-08,141.19,3,104
2023-10-26,76.7,19,102
2023-09-18,121.59,16,105
2023-07-12,87.01,7,102
2023-08-20,112.95,15,101
2023-04-30,38.84,15,105
2023-12-31,34.03,1,102
2023-07-22,130.91,8,105
2023-02-13,78.35,9,102
2023-06-24,70.93,11,103
2023-04-24,175.49,13,101
2023-02-02,105.46,5,102
2023-12-24,161.17,18,105
2023-03-12,180.26,20,103
2023-09-04,22.14,15,105
2023-04-30,62.7,7,105
2023-09-20,100.61,7,105
2023-04-03,134.2,3,104
2023-01-06,41.73,18,104
2023-07-20,109.28,18,104
2023-05-01,121.97,13,102
2023-12-15,88.38,18,101
2023-10-03,187.93,17,103
2023-06-17,132.04,20,103
2023-09-28,171.97,11,104
2023-12-05,119.28,7,102
2023-07-11,88.27,12,103
2023-05-25,189.27,9,103
2023-03-20,54.2,11,101
2023-11-15,121.46,15,102
2023-09-30,38.72,12,102
2023-02-01,33.08,12,105
2023-06-27,173.32,5,102
2023-04-16,96.99,12,104
2023-04-01,135.76,17,103
2023-11-10,73.19,15,101
2023-12-14,126.24,8,105
2023-12-19,127.2,14,104
2023-08-03,33.47,7,103
2023-09-07,175.43,15,103
2023-07-18,53.23,5,104
2023-09-11,147.62,20,105
2023-05-30,140.68,15,101
2023-02-28,183.73,8,102
2023-07-08,162.57,11,102
2023-12-03,70.99,1,105
2023-04-27,190.89,18,101
2023-12-13,54.4,10,103
2023-09-07,82.77,17,101
2023-01-04,136.42,17,101
2023-06-22,163.85,18,102
2023-04-20,146.34,13,102
2023-08-08,189.69,20,104
2023-09-01,53.89,11,105
2023-08-07,193.21,7,102
2023-11-03,94.43,10,103
2023-12-30,90.1,11,105
2023-02-14,146.36,19,102
2023-01-19,25.54,6,103
2023-12-11,81.01,11,104
2023-11-01,147.73,7,102
2023-12-13,143.34,10,102
2023-06-14,74.71,5,101
2023-08-20,134.97,18,102
2023-06-10,63.15,10,101
2023-06-10,86.62,12,102
2023-08-16,160.13,16,102
2023-04-15,59.33,4,105
2023-11-11,82.57,9,103
2023-10-30,87.99,2,104
2023-05-28,137.31,11,101
2023-07-28,30.64,1,104
2023-09-14,37.02,3,103
2023-01-29,70.41,19,104
2023-08-21,163.58,12,104
2023-03-28,74.6,13,104
2023-07-17,82.18,17,104
2023-07-23,87.21,18,103
2023-07-04,81.83,10,102
2023-09-02,171.97,1,103
2023-05-31,87.53,17,103
2023-04-02,86.82,12,102
2023-10-27,199.3,10,105
2023-06-17,63.02,18,105
2023-11-25,186.29,13,105
2023-07-12,105.54,6,103
2023-02-01,116.68,4,102
2023-02-11,105.01,3,101
2023-01-02,144.96,16,101
2023-06-14,179.79,18,101
2023-01-27,175.85,13,101
2023-12-20,191.55,2,103
2023-06-18,95.03,15,102
2023-05-15,149.95,8,103
2023-04-04,76.09,18,102
2023-04-06,28.67,5,104
2023-03-06,60.61,18,101
2023-04-20,83.62,2,105
2023-02-14,52.37,5,105
2023-03-29,156.17,14,103
2023-08-18,53.13,20,105
2023-06-22,157.0,12,104
2023-12-24,52.12,19,102
2023-11-04,81.11,5,105
2023-11-25,82.46,19,101
2023-12-30,193.44,16,103
2023-10-15,136.93,9,105
2023-02-22,100.48,6,103
2023-07-10,168.38,11,101
2023-01-31,142.15,12,105
2023-09-26,79.77,11,104
2023-09-30,22.07,11,103
2023-12-17,117.61,1,102
2023-01-31,33.63,12,105
2023-11-30,188.55,14,104
2023-10-16,65.79,10,103
2023-06-10,54.65,9,102
2023-11-28,89.87,10,101
2023-04-15,154.47,10,104
2023-09-15,114.87,17,101
2023-09-15,49.06,13,105
2023-07-14,197.77,20,105
2023-12-09,193.35,3,103
2023-09-11,119.94,4,101
2023-05-05,28.98,3,101
2023-06-03,186.33,7,101
2023-03-05,186.86,19,104
2023-02-08,158.17,19,103
2023-05-29,59.92,10,102
2023-04-22,63.89,1,103
2023-05-15,199.26,10,103
2023-12-29,160.75,19,103
2023-09-24,45.05,11,101
2023-07-11,46.86,6,104
2023-01-31,42.93,5,102
2023-11-10,143.92,11,101
2023-08-06,155.88,16,101
2023-06-28,167.06,17,105
2023-11-02,54.74,17,103
2023-10-24,102.31,17,104
2023-10-22,95.43,16,102
2023-01-09,109.14,2,102
2023-01-26,122.26,11,105
2023-08-31,172.7,14,104
2023-07-28,171.16,11,103
2023-04-07,24.49,16,105
2023-07-16,91.08,16,101
2023-05-02,170.26,6,104
2023-05-02,43.9,5,104
2023-03-29,189.72,2,105
2023-07-31,87.71,20,105
2023-10-20,182.11,10,102
2023-09-30,63.9,20,102
2023-06-24,133.39,14,103
2023-06-21,171.87,10,104
2023-11-03,35.02,12,103
2023-07-27,56.6,1,103
2023-10-16,27.58,2,102
2023-02-12,66.02,15,105
2023-01-17,192.82,2,102
2023-08-23,198.35,5,102
2023-08-02,137.0,4,101
2023-01-01,117.93,14,104
2023-06-27,70.14,5,105
2023-03-23,88.68,12,105
2023-06-03,42.42,9,103
2023-11-29,56.02,20,101
2023-03-15,168.54,20,102
2023-01-14,93.0,1,105
2023-11-28,55.59,7,102
2023-06-03,68.91,13,105
2023-09-05,180.93,19,103
2023-10-25,143.62,1,104
2023-05-22,100.28,13,104
2023-05-03,153.23,5,102
2023-09-18,70.74,1,101
2023-04-11,31.82,12,101
2023-08-17,177.66,15,102
2023-01-16,183.87,7,102
2023-04-18,110.4,16,101
2023-08-03,100.04,2,103
2023-03-24,185.41,18,103
2023-03-14,101.17,13,103
2023-04-22,73.14,2,104
2023-06-30,137.69,14,104
2023-12-24,97.13,13,103
2023-03-15,114.82,5,101
2023-11-03,133.45,16,102
2023-02-05,189.63,19,105
2023-05-30,165.27,19,105
2023-05-24,148.02,11,103
2023-09-12,66.13,5,105
2023-07-20,190.85,16,104
2023-08-26,75.94,2,101
2023-01-03,113.98,10,104
2023-05-24,127.66,14,102
2023-01-11,172.19,14,102
2023-08-12,34.04,1,103
2023-12-28,125.33,3,102
2023-07-29,41.07,9,105
2023-10-20,160.56,1,102
2023-12-07,29.97,5,102
2023-07-14,84.88,2,103
2023-02-03,49.21,5,103
2023-08-17,74.35,4,104
2023-08-07,36.79,9,103
2023-12-20,181.74,6,103
2023-08-26,118.08,17,104
2023-09-21,84.18,16,105
2023-06-24,35.37,5,103
2023-06-03,161.42,4,105
2023-10-01,119.42,13,105
2023-11-21,171.52,14,101
2023-05-06,134.96,7,105
2023-04-15,32.31,18,102
2023-11-09,66.95,17,105
2023-07-16,189.84,17,102
2023-08-19,67.52,13,101
2023-04-10,174.02,15,103
2023-08-08,153.33,6,103
2023-10-30,91.96,13,104
2023-02-19,68.54,3,105
2023-05-19,29.59,1,104
2023-03-19,92.4,6,102
2023-11-16,183.44,10,103
2023-02-23,62.63,5,101
2023-01-16,21.22,9,104
2023-12-10,94.73,18,104
2023-03-20,60.99,13,105
2023-01-28,23.63,15,101
2023-08-12,86.08,8,105
2023-11-11,59.47,16,105
2023-11-25,80.75,10,105
2023-06-30,141.84,19,101
2023-06-07,62.39,7,104
2023-09-08,87.16,20,105
2023-09-22,59.3,19,104
2023-06-04,84.57,3,102
2023-07-14,166.98,14,101
2023-03-23,194.75,6,103
2023-09-10,49.69,3,102
2023-02-20,131.34,3,103
2023-03-04,165.8,9,103
2023-11-03,45.32,12,104
2023-07-08,128.58,9,104
2023-06-19,133.84,5,105
2023-05-19,129.29,15,104
2023-10-13,136.43,1,105
2023-04-19,70.73,19,103
2023-05-12,34.29,9,102
2023-03-24,181.86,19,101
2023-11-25,107.43,5,104
2023-06-21,49.74,18,102
2023-10-20,34.81,11,105
2023-06-10,145.92,12,101
2024-01-01,158.52,6,103
2023-04-15,107.12,10,102
2023-03-22,163.96,12,105
2023-11-27,196.7,8,105
2023-10-14,56.71,14,105
2023-09-03,155.74,8,103
2023-12-01,97.34,10,101
2023-02-01,83.41,6,102
2023-03-08,188.32,19,104
2023-05-16,26.31,17,102
2023-02-09,38.04,8,101
2023-01-21,56.43,14,101
2024-01-01,83.33,9,101
2023-03-23,66.53,17,101
2023-11-28,86.26,16,101
2023-08-21,21.14,3,101
2023-12-26,97.58,20,104
2023-06-07,47.81,12,102
2023-02-15,117.88,12,103
2023-10-15,192.14,13,103
2023-05-20,100.68,20,102
2023-09-27,82.25,14,102
2023-08-08,108.69,18,101
2023-10-21,69.52,5,105
2023-09-23,125.78,18,103
2023-08-03,115.44,15,103
2023-08-27,189.58,13,105
2023-03-28,72.04,1,102
2023-03-15,45.07,2,102
2023-01-17,33.0,7,104
2023-07-20,118.41,12,104
2023-03-28,187.49,10,102
2023-02-23,65.66,4,104
2023-02-27,165.18,16,103
2023-06-23,150.65,12,101
2023-10-10,99.35,14,104
2023-05-31,175.87,13,105
2023-08-21,106.07,14,102
2023-07-17,174.91,8,103
2023-05-22,178.04,2,103
2023-06-01,115.86,17,103
2023-01-16,45.24,9,104
2023-10-19,57.47,7,104
2023-04-14,174.29,16,104
2023-02-18,153.22,11,105
2023-12-03,99.15,8,101
2023-02-03,114.73,10,102
2023-03-21,96.84,4,102
2023-03-09,112.29,1,103
2023-04-29,28.63,18,101
2023-12-27,24.13,3,103
2023-06-06,195.49,12,105
2023-01-26,127.95,5,104
2023-12-26,197.17,15,101
2023-11-16,96.19,15,102
2023-01-15,85.25,5,105
2023-02-20,60.01,19,105
2023-04-28,117.37,4,104
2023-07-29,26.01,1,102
2023-12-23,82.52,7,101
2023-02-19,139.82,11,101
2023-01-03,126.56,11,102
2023-06-17,196.4,9,101
2023-05-10,32.32,19,104
2023-03-22,24.55,8,101
2023-04-01,112.47,4,101
2023-09-16,29.35,2,102
2023-04-27,133.92,17,105
2023-10-24,51.47,1,101
2023-10-31,54.15,10,105
2023-04-02,43.34,10,104
2023-06-19,179.84,14,105
2023-01-18,82.88,12,102
2023-11-04,66.34,20,103
2023-09-29,179.72,13,104
2023-10-02,161.4,5,103
2023-07-16,63.67,3,101
2023-08-28,28.48,20,105
2023-12-26,187.23,20,103
2023-11-10,56.7,12,102
2023-02-24,92.65,14,105
2023-04-01,154.17,4,104
2023-07-22,140.93,15,104
2023-06-07,100.24,9,103
2023-12-16,156.96,6,104
2023-12-26,109.61,3,103
2023-01-27,156.35,16,105
2023-09-07,61.26,11,105
2023-04-26,51.6,13,104
2023-04-27,101.5,3,105
2023-01-25,139.14,7,101
2023-04-15,167.22,12,104
2023-01-21,92.47,7,103
2023-07-21,196.41,5,102
2023-03-07,49.18,4,101
2023-12-25,60.67,13,102
2023-09-30,84.23,1,102
2023-04-27,99.19,13,104
2023-09-19,37.89,11,102
2023-04-15,45.09,11,101
2023-06-04,135.1,2,103
2023-01-05,175.76,12,102
2023-10-05,58.91,15,101
2023-02-20,117.92,14,105
2023-05-23,70.21,20,101
2023-06-18,22.21,4,101
2023-11-27,119.73,10,102
2023-07-23,153.28,2,102
2023-06-16,180.57,4,105
2023-12-09,43.72,2,104
2023-04-11,175.08,11,101
2023-03-01,41.87,10,105
2023-07-27,61.54,11,101
2023-03-19,171.02,20,101
2023-03-13,83.39,5,104
2023-08-29,81.93,8,104
2023-12-17,102.37,17,105
2023-04-10,199.44,20,103
2023-05-13,102.57,8,105
2023-09-15,27.58,12,105
2023-12-30,119.92,11,102
2023-10-02,59.44,17,101
2023-06-27,21.04,5,104
2023-12-18,83.05,6,103
2023-03-26,38.08,2,104
2023-09-18,32.92,2,103
2023-12-05,52.43,2,101
2023-08-05,119.81,13,101
2023-08-15,36.04,17,105
2023-07-03,53.3,12,104
2023-10-11,94.54,19,101
2023-02-26,91.55,7,103
2023-04-27,165.23,14,103
2023-04-03,184.45,14,104
2023-04-22,141.0,3,104
2023-12-30,75.23,1,103
2023-06-09,53.23,16,105
2023-09-06,101.29,14,103
2023-01-22,47.99,8,101
2023-05-14,134.48,20,101
2023-02-06,177.87,10,105
2023-05-14,59.72,4,102
2023-05-09,187.59,19,103
2023-10-21,33.1,9,101
2023-03-27,175.93,11,102
2023-10-15,138.01,17,104
2023-06-08,77.25,2,102
2023-07-16,185.29,4,104
2023-05-08,72.49,18,102
2023-11-28,86.98,5,103
2023-01-24,47.08,14,103
2023-07-31,69.99,5,102
2023-09-07,121.84,10,103
2023-10-14,180.47,10,104
2023-07-31,68.55,15,105
2023-10-07,105.61,15,102
2023-12-11,35.65,12,102
2023-08-21,152.63,2,101
2023-08-14,92.2,1,105
2023-07-21,22.44,20,104
2023-04-26,140.04,1,105
2023-05-20,62.06,1,101
2023-03-25,85.67,8,102
2023-05-09,191.1,19,104
2023-02-14,98.41,9,101
2023-11-29,95.21,9,102
2023-07-04,86.37,19,103
2023-02-06,36.42,16,102
2023-07-17,150.76,1,105
2023-05-11,191.56,10,105
2023-05-11,44.03,10,102
2023-08-24,129.42,1,105
2023-06-20,103.16,17,103
2023-03-10,28.27,6,102
2023-09-21,170.24,14,104
2023-03-19,120.66,2,105
2023-02-17,169.63,3,104
2023-02-17,169.0,6,103
2023-04-11,77.75,9,105
2023-10-29,77.05,15,104
2023-07-04,184.47,5,101
2023-11-01,167.91,20,101
2023-04-02,145.22,18,102
2023-06-20,147.47,18,104
2023-10-28,42.85,9,103
2023-09-19,197.52,3,103
2023-04-18,119.2,7,105
2023-11-06,147.95,3,105
2023-11-26,121.12,17,105
2023-10-30,182.69,2,103
2023-06-12,121.1,20,101
2023-08-28,37.88,13,102
2023-10-22,158.88,19,102
2023-04-04,121.45,15,102
2023-01-03,95.46,15,102
2023-12-08,157.08,12,105
2023-07-03,119.57,6,105
2023-06-22,163.97,2,101
2023-01-13,59.57,20,102
2023-06-29,47.11,7,103
2023-11-08,118.46,15,105
2023-09-10,128.77,7,105
2023-08-22,108.29,13,104
2023-10-10,75.65,3,104
2023-01-07,73.85,4,102
2023-07-15,57.85,17,105
2023-09-11,124.04,6,103
2023-11-19,133.61,8,105
2023-06-25,110.59,14,102
2023-05-17,152.87,12,104
2023-09-22,133.22,5,105
2023-09-25,125.95,2,101
2023-09-16,182.35,10,103
2023-03-22,72.53,12,101
2023-09-14,61.34,8,102
2023-04-16,151.39,8,101
2023-06-04,181.3,19,104
